,1980,1981,1982,1983,1984,1985,1986,1987,1988,1989,1990,1991,1992,1993,1994,1995,1996,1997,1998,1999,2000,2001,2002,2003,2004,2005,2006,2007,2008,2009,2010,2011,2012,2013,2014,2015,2016,2017,2018,2019
Afghanistan,,,,,,,,,,,,,,,,,,,,,,,18768.0,20806.0,21522.0,24842.0,26978.0,31390.0,33242.0,40390.0,46304.0,50334.0,59945.0,63784.0,69444.0,72056.0,70098.0,74712.0,77416.0,81880.0
Albania,5547.0,6410.0,7005.0,7362.0,7776.0,7904.0,8515.0,8662.0,8840.0,10084.0,9411.0,7002.0,6646.0,7457.0,8332.0,9262.0,10290.0,9322.0,10256.0,11755.0,12857.0,14241.0,15116.0,16269.0,17639.0,19212.0,20971.0,22818.0,25010.0,26045.0,28328.0,29655.0,30530.0,30604.0,32529.0,33595.0,34736.0,37609.0,40080.0,41709.0
Algeria,86255.0,97138.0,109768.0,120263.0,131504.0,143312.0,145909.0,148586.0,150865.0,164255.0,171693.0,175279.0,182143.0,182555.0,184763.0,195874.0,207028.0,212889.0,226168.0,236978.0,251580.0,265033.0,284171.0,310706.0,332978.0,363968.0,381471.0,404831.0,422514.0,432672.0,471508.0,494947.0,497330.0,497988.0,506135.0,477358.0,471382.0,478071.0,496403.0,509307.0
Angola,14949.0,15626.0,16595.0,17975.0,19729.0,21073.0,22122.0,23613.0,25937.0,26957.0,26989.0,28164.0,27125.0,21110.0,21848.0,25649.0,29654.0,32356.0,34242.0,35524.0,37442.0,39906.0,46056.0,49439.0,56326.0,68755.0,85562.0,107684.0,124967.0,128954.0,153871.0,162539.0,186124.0,199866.0,220365.0,204604.0,204875.0,217987.0,220542.0,222459.0
Antigua and Barbuda,276.0,312.0,328.0,363.0,415.0,460.0,508.0,558.0,609.0,671.0,715.0,758.0,783.0,846.0,919.0,891.0,962.0,1038.0,1103.0,1170.0,1305.0,1247.0,1271.0,1374.0,1463.0,1623.0,1875.0,2055.0,2128.0,1914.0,1814.0,1816.0,1772.0,1720.0,1762.0,1770.0,1883.0,1893.0,2073.0,2181.0
Argentina,176595.0,181994.0,187200.0,201854.0,213199.0,204727.0,223778.0,235293.0,238765.0,230669.0,236001.0,269456.0,303984.0,330670.0,357417.0,354490.0,380909.0,418855.0,439702.0,431317.0,437650.0,427890.0,387126.0,429738.0,481426.0,540900.0,602385.0,674119.0,715230.0,678009.0,736718.0,797264.0,819698.0,849616.0,839897.0,867177.0,885228.0,1039331.0,1036982.0,1033456.0
Armenia,,,,,,,,,,,,,4886.0,4299.0,4628.0,5104.0,5466.0,5748.0,6174.0,6468.0,7002.0,7840.0,9139.0,10630.0,12067.0,14213.0,16583.0,19365.0,21117.0,18266.0,21598.0,23086.0,27009.0,28500.0,29231.0,29167.0,31429.0,35677.0,38442.0,42095.0
Australia,154527.0,175929.0,186961.0,193421.0,212996.0,231806.0,242268.0,260608.0,281203.0,305637.0,321669.0,328912.0,345355.0,367558.0,393827.0,413784.0,439492.0,466276.0,493321.0,522314.0,551281.0,577788.0,610364.0,640968.0,685398.0,729843.0,772656.0,828699.0,867008.0,888797.0,924359.0,970489.0,983738.0,1083486.0,1111526.0,1113043.0,1174424.0,1233602.0,1298174.0,1345676.0
Austria,84466.0,92261.0,99855.0,106708.0,110861.0,116975.0,122127.0,127349.0,133073.0,143621.0,155405.0,166105.0,173448.0,178510.0,186689.0,195667.0,204016.0,212085.0,222018.0,233508.0,246866.0,255902.0,264133.0,271437.0,286447.0,301992.0,321702.0,342223.0,354335.0,343462.0,355022.0,373031.0,391635.0,406370.0,417060.0,431092.0,459839.0,480673.0,504124.0,521336.0
Azerbaijan,,,,,,,,,,,,,33999.0,26768.0,21960.0,19497.0,20355.0,22543.0,24157.0,27321.0,29683.0,32329.0,35496.0,39997.0,45289.0,59087.0,81914.0,105117.0,118754.0,130784.0,135151.0,135804.0,148340.0,161865.0,166329.0,144146.0,140230.0,139153.0,144632.0,150480.0
Bahamas,2511.0,2666.0,3010.0,3341.0,3543.0,3806.0,3984.0,4237.0,4484.0,4765.0,4994.0,4944.0,4863.0,4994.0,5261.0,5606.0,5950.0,6351.0,6722.0,7313.0,7790.0,8176.0,8526.0,8586.0,8900.0,9499.0,10037.0,10453.0,10411.0,10052.0,10911.0,11207.0,11713.0,11703.0,12288.0,12507.0,12908.0,13857.0,14619.0,15061.0
Bahrain,6199.0,6967.0,7873.0,8756.0,9446.0,9658.0,9900.0,10029.0,10998.0,11541.0,12387.0,13092.0,14344.0,15802.0,16657.0,17331.0,18221.0,18968.0,20104.0,21631.0,23675.0,24818.0,26043.0,28235.0,31036.0,34203.0,37534.0,41729.0,45203.0,46704.0,58163.0,60556.0,65875.0,67717.0,68276.0,62523.0,63831.0,71282.0,74292.0,76994.0
Bangladesh,42099.0,47445.0,52005.0,56549.0,61002.0,65312.0,69284.0,73135.0,77502.0,83977.0,91091.0,98080.0,105132.0,112287.0,119852.0,128188.0,137071.0,146813.0,155892.0,166858.0,180210.0,193226.0,205698.0,221918.0,241948.0,265471.0,292374.0,319719.0,343971.0,365003.0,387229.0,420989.0,473808.0,509208.0,553757.0,595349.0,650672.0,710584.0,785956.0,869044.0
Barbados,1355.0,1453.0,1467.0,1533.0,1645.0,1716.0,1840.0,1936.0,2074.0,2232.0,2238.0,2222.0,2143.0,2212.0,2304.0,2400.0,2541.0,2707.0,2838.0,2891.0,3089.0,3084.0,3156.0,3289.0,3427.0,3678.0,4005.0,4185.0,4284.0,4142.0,4550.0,4614.0,4344.0,4360.0,4322.0,4426.0,4559.0,4519.0,4601.0,4678.0
Belarus,,,,,,,,,,,,,52414.0,49582.0,44713.0,40586.0,42474.0,48140.0,52771.0,55375.0,59898.0,64153.0,68429.0,74690.0,85520.0,96611.0,109542.0,122174.0,137319.0,138594.0,145437.0,156715.0,171038.0,179366.0,179598.0,171204.0,168422.0,173630.0,183398.0,188954.0
Belgium,106819.0,116467.0,124429.0,129745.0,137663.0,144415.0,150012.0,157389.0,170592.0,183374.0,196123.0,206365.0,214301.0,217289.0,229074.0,239429.0,247683.0,261271.0,269323.0,283189.0,300156.0,309488.0,319835.0,328738.0,350056.0,368885.0,389723.0,413687.0,424953.0,418396.0,435309.0,451933.0,469721.0,487344.0,503621.0,521018.0,550808.0,577008.0,599651.0,618928.0
Belize,205.0,225.0,221.0,243.0,280.0,285.0,312.0,391.0,448.0,538.0,620.0,714.0,819.0,891.0,911.0,936.0,967.0,1018.0,1068.0,1179.0,1363.0,1464.0,1563.0,1742.0,1874.0,1984.0,2138.0,2220.0,2336.0,2373.0,2439.0,2538.0,2458.0,2499.0,2534.0,2615.0,2645.0,2671.0,2792.0,2786.0
Benin,2694.0,3002.0,3242.0,3303.0,3434.0,3697.0,3875.0,3891.0,4166.0,4204.0,4751.0,5117.0,5388.0,5838.0,6083.0,6586.0,6996.0,7523.0,7906.0,8456.0,9069.0,9771.0,10381.0,10953.0,11752.0,12339.0,13219.0,14383.0,15384.0,15861.0,21748.0,22860.0,24309.0,26709.0,29147.0,30531.0,32668.0,34023.0,37173.0,40435.0
Bhutan,196.0,243.0,279.0,311.0,347.0,374.0,412.0,508.0,605.0,667.0,755.0,818.0,854.0,902.0,942.0,1019.0,1100.0,1181.0,1265.0,1376.0,1505.0,1647.0,1832.0,2039.0,2236.0,2459.0,2711.0,3133.0,3538.0,3769.0,4179.0,4688.0,5194.0,5462.0,5871.0,6591.0,7270.0,7934.0,8434.0,8912.0
Bolivia,10787.0,11829.0,12069.0,12038.0,12440.0,12623.0,12546.0,13183.0,14042.0,15141.0,16428.0,17869.0,18577.0,19831.0,21199.0,22653.0,24073.0,25698.0,27283.0,27819.0,29166.0,30333.0,31564.0,33066.0,35393.0,38147.0,41205.0,44233.0,47873.0,49856.0,51922.0,55765.0,61453.0,69841.0,75554.0,77543.0,82736.0,94285.0,100627.0,104694.0
Bosnia and Herzegovina,,,,,,,,,,,,,,,,,11258.0,14068.0,16185.0,18199.0,19440.0,20352.0,21709.0,22996.0,25107.0,27012.0,29427.0,32016.0,34470.0,34449.0,35427.0,36495.0,37104.0,38975.0,39732.0,41195.0,44253.0,46394.0,49274.0,51508.0
Botswana,1789.0,2115.0,2603.0,2998.0,3307.0,3675.0,4072.0,4798.0,6129.0,6665.0,7519.0,8253.0,8424.0,8972.0,9091.0,9933.0,10703.0,11761.0,11974.0,13333.0,13907.0,14259.0,15357.0,16388.0,17294.0,18664.0,20847.0,23173.0,25103.0,23358.0,26532.0,28725.0,27718.0,30335.0,34046.0,32971.0,37281.0,38046.0,40704.0,42660.0
Brazil,570249.0,596062.0,636815.0,639447.0,697282.0,776449.0,851863.0,905061.0,939219.0,1006965.0,1000682.0,1044655.0,1063481.0,1139574.0,1225912.0,1306756.0,1360000.0,1430244.0,1450653.0,1479746.0,1579824.0,1638286.0,1714227.0,1768357.0,1921642.0,2046980.0,2193469.0,2388520.0,2559440.0,2575631.0,2798619.0,2970631.0,2998534.0,3133894.0,3187155.0,3014755.0,2939094.0,3017715.0,3130872.0,3222990.0
Brunei,,,,,,12100.0,12001.0,12346.0,12732.0,13519.0,14171.0,15104.0,16183.0,16618.0,17506.0,18672.0,19560.0,19602.0,19703.0,20615.0,21686.0,22789.0,24035.0,25226.0,26050.0,26993.0,29050.0,29858.0,29842.0,29521.0,31199.0,33044.0,35210.0,33885.0,33344.0,25949.0,23633.0,25891.0,26526.0,28045.0
Bulgaria,39489.0,45464.0,50313.0,53868.0,58346.0,61297.0,65847.0,70701.0,74933.0,77457.0,73013.0,67329.0,63061.0,57056.0,56135.0,56388.0,52799.0,52819.0,55988.0,56564.0,60747.0,64474.0,69351.0,74381.0,81344.0,89942.0,99079.0,109186.0,118032.0,114663.0,110139.0,115084.0,118659.0,120469.0,126820.0,131659.0,142624.0,151758.0,160195.0,168553.0
Burkina Faso,2375.0,2666.0,2871.0,2948.0,3102.0,3563.0,3924.0,4015.0,4396.0,4665.0,4808.0,5419.0,5556.0,5885.0,6089.0,6571.0,7428.0,8033.0,8713.0,9495.0,9894.0,10789.0,11431.0,12570.0,13494.0,15135.0,16575.0,17715.0,19110.0,19826.0,23441.0,25515.0,26835.0,28735.0,29761.0,31033.0,35311.0,39413.0,43113.0,46379.0
Burundi,1388.0,1703.0,1789.0,1929.0,2000.0,2308.0,2431.0,2630.0,2859.0,3010.0,3230.0,3530.0,3647.0,3501.0,3438.0,3232.0,3028.0,3092.0,3274.0,3363.0,3501.0,3640.0,3783.0,3954.0,4216.0,4542.0,4935.0,5241.0,5603.0,5861.0,5752.0,6109.0,6386.0,7412.0,8020.0,8966.0,8764.0,8784.0,9143.0,9470.0
Cape Verde,231.0,274.0,299.0,340.0,366.0,410.0,430.0,460.0,505.0,554.0,579.0,606.0,639.0,702.0,767.0,841.0,914.0,1001.0,1097.0,1246.0,1367.0,1484.0,1586.0,1739.0,1875.0,2048.0,2303.0,2582.0,2808.0,2793.0,2804.0,2977.0,2940.0,2964.0,2979.0,3146.0,3358.0,3571.0,3822.0,4111.0
Cambodia,,,,,,,,4309.0,4889.0,5248.0,5503.0,6117.0,6699.0,7136.0,7884.0,8567.0,9195.0,9878.0,10486.0,11914.0,13254.0,14660.0,15865.0,17557.0,19906.0,23268.0,26567.0,30059.0,32700.0,33644.0,34739.0,37972.0,42401.0,45764.0,48654.0,52598.0,57942.0,62838.0,69193.0,75390.0
Cameroon,10371.0,13272.0,15162.0,16839.0,18739.0,20906.0,22776.0,22854.0,21794.0,22241.0,21643.0,21521.0,21340.0,21158.0,21069.0,22219.0,23736.0,25426.0,26960.0,28484.0,30348.0,32441.0,34260.0,36351.0,38734.0,40898.0,43513.0,46126.0,48387.0,49697.0,54553.0,57992.0,61350.0,66290.0,72250.0,75965.0,81471.0,87321.0,93050.0,98362.0
Canada,287254.0,325078.0,334192.0,356411.0,390928.0,422537.0,440375.0,470115.0,508124.0,540150.0,560993.0,567344.0,585401.0,615241.0,656571.0,688211.0,712061.0,755250.0,793080.0,846792.0,910945.0,948204.0,991740.0,1029745.0,1090714.0,1161847.0,1228964.0,1287691.0,1326085.0,1296744.0,1358781.0,1430807.0,1468095.0,1554123.0,1621397.0,1594899.0,1678387.0,1777242.0,1856559.0,1920997.0
Central African Republic,926.0,1144.0,1171.0,1144.0,1302.0,1394.0,1525.0,1563.0,1646.0,1802.0,1829.0,1903.0,1914.0,1961.0,2210.0,2352.0,2209.0,2419.0,2537.0,2672.0,2687.0,2759.0,2809.0,2669.0,2815.0,2977.0,3215.0,3453.0,3593.0,3682.0,4207.0,4475.0,4889.0,3285.0,3216.0,3536.0,3862.0,4195.0,4460.0,4675.0
Chad,1911.0,1864.0,2086.0,2507.0,2733.0,3043.0,3290.0,3497.0,3892.0,4122.0,4412.0,5033.0,5271.0,5284.0,5693.0,5767.0,5996.0,6444.0,6966.0,7025.0,7121.0,8133.0,8959.0,10483.0,14393.0,16091.0,16693.0,17697.0,18597.0,19514.0,21765.0,22246.0,22192.0,20808.0,23012.0,25683.0,24494.0,24028.0,25172.0,26379.0
Chile,38354.0,44540.0,40876.0,41299.0,45282.0,47651.0,51332.0,56106.0,62302.0,71589.0,76962.0,85659.0,97365.0,106381.0,114145.0,126831.0,137906.0,150631.0,160558.0,160659.0,173096.0,182906.0,191475.0,203310.0,223901.0,244387.0,267871.0,288570.0,304542.0,302085.0,323407.0,350366.0,374125.0,394277.0,404593.0,407637.0,413399.0,436994.0,465171.0,478771.0
China,305945.0,351572.0,406990.0,468745.0,559159.0,654954.0,727625.0,833501.0,960161.0,1039392.0,1119872.0,1263604.0,1477226.0,1722587.0,1989713.0,2254642.0,2523075.0,2802371.0,3053736.0,3336107.0,3698622.0,4096897.0,4538333.0,5091708.0,5760129.0,6617286.0,7686835.0,9011953.0,10070854.0,11080887.0,12287316.0,13735671.0,15137455.0,16277355.0,17200686.0,17880337.0,18701703.0,19814058.0,21659302.0,23393004.0
Colombia,78857.0,88184.0,94543.0,99822.0,106828.0,113672.0,122718.0,132607.0,142827.0,153447.0,165936.0,175526.0,187343.0,202751.0,217725.0,233829.0,242992.0,255630.0,259876.0,252761.0,266073.0,276703.0,287986.0,305238.0,330357.0,357035.0,392653.0,430917.0,454954.0,465980.0,485314.0,529874.0,553769.0,591783.0,625019.0,630400.0,672094.0,700091.0,734931.0,772440.0
Comoros,246.0,284.0,313.0,336.0,362.0,381.0,397.0,414.0,440.0,442.0,482.0,471.0,523.0,551.0,533.0,564.0,567.0,601.0,614.0,636.0,659.0,697.0,737.0,770.0,789.0,849.0,886.0,914.0,941.0,966.0,1553.0,1651.0,1818.0,1955.0,2063.0,2107.0,2278.0,2468.0,2619.0,2716.0
Democratic Republic of the Congo,19622.0,21657.0,22896.0,24136.0,26203.0,27167.0,29023.0,30559.0,31775.0,32595.0,31581.0,29876.0,27360.0,24238.0,23233.0,24373.0,24338.0,22814.0,22168.0,21651.0,20342.0,20369.0,21291.0,22927.0,25145.0,27546.0,29903.0,32619.0,35331.0,36616.0,40928.0,44655.0,46214.0,53768.0,62685.0,69036.0,75927.0,86267.0,93476.0,99312.0
Republic of the Congo,3126.0,3507.0,3814.0,4060.0,4304.0,4546.0,4747.0,4981.0,6285.0,7918.0,8293.0,8775.0,9209.0,9336.0,9011.0,9565.0,10158.0,10267.0,10766.0,10649.0,11716.0,12439.0,13209.0,13582.0,14440.0,16061.0,17587.0,17769.0,19127.0,20784.0,22864.0,23856.0,28576.0,28056.0,28096.0,22531.0,19019.0,21679.0,20773.0,21012.0
Costa Rica,8173.0,8734.0,8601.0,9196.0,10286.0,10692.0,11512.0,12368.0,13240.0,14534.0,15615.0,16500.0,18428.0,20203.0,21559.0,22916.0,23623.0,25364.0,27425.0,28942.0,30735.0,32533.0,34120.0,36281.0,38896.0,41701.0,46093.0,51185.0,54615.0,54496.0,58248.0,62026.0,66061.0,69477.0,74918.0,80407.0,88230.0,94606.0,99454.0,103339.0
Ivory Coast,15382.0,17406.0,18523.0,18773.0,19050.0,20368.0,21776.0,22220.0,23260.0,24877.0,25516.0,26376.0,26910.0,27500.0,28134.0,30321.0,33386.0,35901.0,38080.0,39288.0,39351.0,40296.0,40233.0,40477.0,42102.0,44205.0,46254.0,48323.0,50524.0,52562.0,72760.0,70672.0,78215.0,86354.0,97907.0,108069.0,112610.0,118051.0,129098.0,139966.0
Croatia,,,,,,,,,,,,,38250.0,36027.0,38965.0,42416.0,45728.0,49601.0,51073.0,51370.0,54517.0,57675.0,61633.0,66356.0,70964.0,76297.0,82405.0,88954.0,92562.0,86378.0,87248.0,88795.0,90201.0,92643.0,93507.0,96740.0,103824.0,110127.0,115810.0,121339.0
Cyprus,3242.0,3653.0,4123.0,4514.0,5087.0,5499.0,5811.0,6384.0,7157.0,8037.0,8951.0,9318.0,10423.0,10745.0,11621.0,13041.0,13456.0,14037.0,14933.0,15893.0,17185.0,18210.0,19118.0,19982.0,21470.0,22986.0,24761.0,26645.0,28217.0,27928.0,27655.0,28346.0,27503.0,26181.0,25611.0,26890.0,30323.0,32589.0,34725.0,36487.0
Czech Republic,,,,,,,,,,,,,,,,143363.0,152232.0,153794.0,154972.0,159606.0,170247.0,179441.0,185196.0,195692.0,211022.0,231843.0,255400.0,276693.0,289769.0,277833.0,293014.0,304401.0,307490.0,324030.0,342100.0,357600.0,381382.0,412903.0,436268.0,454426.0
Denmark,58975.0,64058.0,70533.0,75224.0,81140.0,87087.0,93200.0,95822.0,99160.0,103685.0,109102.0,114307.0,119201.0,122046.0,131290.0,137969.0,144569.0,151837.0,156882.0,163979.0,173997.0,179426.0,183032.0,187407.0,197698.0,208836.0,223674.0,231709.0,235048.0,225215.0,239096.0,247352.0,250525.0,262368.0,270331.0,278823.0,297689.0,317448.0,332837.0,346733.0
Djibouti,,,,,,,,,,,,1168.0,1202.0,1147.0,1156.0,1139.0,1116.0,1122.0,1135.0,1186.0,1222.0,1272.0,1333.0,1403.0,1482.0,1577.0,1704.0,1837.0,1982.0,2029.0,3015.0,3303.0,3436.0,3625.0,3855.0,4181.0,4360.0,4612.0,5120.0,5602.0
Dominica,125.0,151.0,167.0,178.0,192.0,201.0,220.0,240.0,267.0,277.0,303.0,317.0,331.0,346.0,354.0,372.0,391.0,406.0,426.0,434.0,454.0,464.0,458.0,497.0,526.0,547.0,590.0,644.0,703.0,700.0,710.0,723.0,706.0,726.0,781.0,793.0,851.0,814.0,838.0,924.0
Dominican Republic,13501.0,15393.0,16626.0,18082.0,18958.0,19150.0,20224.0,22838.0,24147.0,26190.0,25678.0,26783.0,28917.0,31745.0,33169.0,35723.0,38971.0,42818.0,46308.0,50168.0,54208.0,56437.0,60615.0,61665.0,64187.0,72369.0,82544.0,91921.0,96732.0,98389.0,110625.0,116474.0,118183.0,125424.0,136976.0,151560.0,167506.0,175941.0,192745.0,206098.0
Ecuador,26063.0,29608.0,31823.0,32153.0,34692.0,37378.0,39311.0,37907.0,43347.0,45161.0,48240.0,52394.0,55526.0,57984.0,61739.0,64447.0,66759.0,70841.0,73949.0,71522.0,73948.0,78671.0,83151.0,87118.0,96864.0,105271.0,113283.0,118845.0,128879.0,130594.0,136456.0,150267.0,159560.0,175196.0,186847.0,179310.0,181967.0,195011.0,202268.0,205989.0
Egypt,91072.0,101764.0,115964.0,131241.0,146799.0,162746.0,173929.0,185989.0,200188.0,214196.0,227338.0,239837.0,246041.0,259199.0,275801.0,294177.0,314161.0,338454.0,367932.0,396387.0,427230.0,452366.0,473942.0,498829.0,533521.0,575311.0,633572.0,696532.0,761019.0,802635.0,828662.0,860900.0,958660.0,992022.0,985262.0,1064236.0,1057087.0,1062266.0,1145576.0,1230831.0
El Salvador,10096.0,10407.0,10356.0,10930.0,11469.0,11909.0,12172.0,12797.0,13493.0,14153.0,15385.0,16466.0,18112.0,19909.0,21563.0,23421.0,24255.0,25718.0,26971.0,28329.0,29597.0,30789.0,31993.0,33382.0,34934.0,37343.0,39996.0,42637.0,44028.0,42972.0,37890.0,40156.0,40804.0,43093.0,45534.0,48056.0,51095.0,54006.0,56646.0,59032.0
Equatorial Guinea,100.0,115.0,125.0,136.0,143.0,166.0,166.0,177.0,188.0,193.0,206.0,210.0,285.0,323.0,385.0,461.0,772.0,1945.0,2433.0,3105.0,6202.0,10550.0,12821.0,14890.0,21058.0,23529.0,23484.0,27794.0,33383.0,34089.0,31108.0,33830.0,38743.0,37423.0,37816.0,28095.0,24861.0,28459.0,27452.0,26238.0
Eritrea,,,,,,,,,,,,,2401.0,2775.0,3199.0,3949.0,4115.0,4568.0,4982.0,5158.0,5285.0,4738.0,5232.0,5496.0,5497.0,5757.0,5876.0,6118.0,5628.0,5891.0,4071.0,5224.0,5425.0,4943.0,6594.0,5312.0,5744.0,5247.0,6074.0,6419.0
Estonia,,,,,,,,,,,,,,11090.0,11140.0,11618.0,12460.0,14168.0,14912.0,15010.0,16943.0,18425.0,19845.0,21742.0,23746.0,26807.0,30469.0,33704.0,32502.0,27927.0,29985.0,32891.0,34642.0,36433.0,38300.0,38669.0,41545.0,44709.0,47776.0,51059.0
Ethiopia,10709.0,11709.0,12555.0,14075.0,14238.0,13017.0,14566.0,17010.0,17707.0,18311.0,19483.0,18678.0,17402.0,20197.0,21346.0,23125.0,26734.0,27964.0,27084.0,29229.0,32835.0,36075.0,37227.0,37172.0,42675.0,49617.0,57043.0,65468.0,74220.0,82293.0,89943.0,102289.0,112533.0,122434.0,148487.0,167119.0,191322.0,215094.0,237224.0,263111.0
Fiji,1433.0,1661.0,1744.0,1737.0,1980.0,1967.0,2139.0,2035.0,2180.0,2579.0,2829.0,2845.0,3087.0,3242.0,3480.0,3645.0,3890.0,3862.0,3954.0,4364.0,4388.0,4573.0,4792.0,4926.0,5335.0,5435.0,5708.0,5808.0,5981.0,5942.0,7372.0,7729.0,8283.0,8942.0,9832.0,10782.0,11020.0,11784.0,12492.0,12550.0
Finland,44985.0,49822.0,54547.0,58470.0,62491.0,66771.0,69974.0,74315.0,80924.0,88347.0,92237.0,89669.0,88664.0,90106.0,95650.0,101752.0,107399.0,116069.0,123696.0,131171.0,141715.0,148686.0,153506.0,159689.0,170522.0,180902.0,194021.0,209512.0,215161.0,198869.0,210595.0,220471.0,221286.0,225680.0,228059.0,232930.0,246904.0,261649.0,271994.0,280024.0
France,578363.0,639182.0,695869.0,732425.0,769980.0,807519.0,843169.0,886975.0,961482.0,1042354.0,1112405.0,1161375.0,1206853.0,1227994.0,1283545.0,1337635.0,1380953.0,1437427.0,1504697.0,1579776.0,1678332.0,1750132.0,1796875.0,1847723.0,1951435.0,2046601.0,2159587.0,2269408.0,2318445.0,2267340.0,2344996.0,2446475.0,2474005.0,2608524.0,2662033.0,2719224.0,2863816.0,2997297.0,3124289.0,3228039.0
Gabon,6775.0,7112.0,7863.0,8336.0,9055.0,9887.0,9874.0,8567.0,9177.0,11005.0,12000.0,13158.0,13043.0,13880.0,14702.0,15755.0,16624.0,17879.0,18702.0,17290.0,17350.0,18127.0,18440.0,19127.0,19873.0,20351.0,20576.0,22462.0,23299.0,22941.0,24097.0,26345.0,26868.0,27464.0,28956.0,28630.0,28685.0,30987.0,32050.0,33854.0
Gambia,435.0,431.0,552.0,652.0,623.0,667.0,696.0,734.0,773.0,838.0,918.0,969.0,1009.0,1072.0,1058.0,1116.0,1169.0,1206.0,1298.0,1402.0,1514.0,1637.0,1608.0,1753.0,1928.0,1972.0,2055.0,2186.0,2357.0,2528.0,4366.0,4095.0,4191.0,4166.0,4103.0,4311.0,4446.0,4589.0,5039.0,5439.0
Georgia,,,,,,,,,,,,,,,7542.0,7899.0,8888.0,9995.0,10394.0,10866.0,11386.0,12194.0,13072.0,14822.0,16112.0,18225.0,20555.0,23757.0,24808.0,24084.0,28654.0,31405.0,36640.0,39451.0,43054.0,45036.0,47930.0,50663.0,54392.0,58213.0
Germany,866222.0,948148.0,999039.0,1054620.0,1122911.0,1184249.0,1237329.0,1287554.0,1382408.0,1492361.0,1636133.0,1775313.0,1843284.0,1868540.0,1956704.0,2033711.0,2088567.0,2164730.0,2227072.0,2302946.0,2430427.0,2531381.0,2570864.0,2603335.0,2693592.0,2804578.0,3002740.0,3186681.0,3275699.0,3116816.0,3219132.0,3415020.0,3487234.0,3628559.0,3807115.0,3890125.0,4164749.0,4401871.0,4564715.0,4672006.0
Ghana,9730.0,10266.0,10149.0,10038.0,11326.0,12284.0,13183.0,14168.0,15489.0,16910.0,18119.0,19714.0,20950.0,22246.0,23541.0,25049.0,26692.0,28464.0,30124.0,31939.0,33887.0,36108.0,38330.0,41146.0,44636.0,48775.0,53416.0,57222.0,63682.0,67274.0,99783.0,116331.0,132459.0,139946.0,148487.0,142514.0,139277.0,145509.0,158336.0,171603.0
Greece,87056.0,93703.0,98392.0,101174.0,106867.0,113058.0,115931.0,116207.0,125432.0,135260.0,140264.0,149427.0,153900.0,155041.0,161508.0,168338.0,176318.0,187378.0,196788.0,205938.0,218879.0,233117.0,245980.0,265423.0,286524.0,297513.0,323988.0,343498.0,349062.0,336587.0,312935.0,290297.0,279267.0,286168.0,292335.0,291109.0,299824.0,312844.0,326552.0,338598.0
Grenada,190.0,211.0,233.0,251.0,270.0,295.0,323.0,362.0,385.0,415.0,449.0,470.0,477.0,479.0,498.0,520.0,552.0,589.0,666.0,723.0,777.0,779.0,818.0,913.0,933.0,1090.0,1079.0,1175.0,1210.0,1138.0,1154.0,1187.0,1200.0,1286.0,1420.0,1551.0,1657.0,1798.0,1918.0,2010.0
Guatemala,19425.0,21375.0,21897.0,22186.0,23091.0,23687.0,24189.0,25694.0,27628.0,29834.0,31897.0,33948.0,36319.0,38447.0,40640.0,43313.0,45338.0,48005.0,50758.0,53442.0,56024.0,58676.0,61881.0,64712.0,68587.0,73102.0,79402.0,86653.0,91252.0,92429.0,95253.0,101565.0,107167.0,112026.0,118754.0,127566.0,130131.0,133805.0,141423.0,149483.0
Guinea,2700.0,2970.0,3211.0,3381.0,3550.0,3847.0,4047.0,4287.0,4717.0,5096.0,5514.0,5839.0,6168.0,6633.0,7046.0,7529.0,8009.0,8568.0,8976.0,9461.0,9919.0,10516.0,11229.0,11596.0,12193.0,12963.0,13695.0,14975.0,15901.0,15775.0,16855.0,18173.0,18497.0,19731.0,20152.0,20799.0,24399.0,29211.0,31761.0,34153.0
Guinea-Bissau,463.0,504.0,558.0,560.0,612.0,658.0,665.0,720.0,760.0,812.0,881.0,977.0,1030.0,1079.0,1134.0,1204.0,1272.0,1372.0,1152.0,1324.0,1352.0,1411.0,1414.0,1448.0,1529.0,1645.0,1735.0,1839.0,1936.0,2016.0,2145.0,2367.0,2307.0,2386.0,2510.0,3050.0,3288.0,3832.0,4056.0,4314.0
Guyana,1276.0,1403.0,1358.0,1249.0,1321.0,1369.0,1393.0,1427.0,1388.0,1371.0,1379.0,1511.0,1665.0,1844.0,2043.0,2191.0,2409.0,2602.0,2585.0,2703.0,2727.0,2852.0,2930.0,2969.0,3098.0,3135.0,3398.0,3733.0,3881.0,4040.0,6292.0,6772.0,7916.0,8370.0,8360.0,8594.0,8714.0,9307.0,9953.0,10673.0
Haiti,6392.0,7062.0,7291.0,7465.0,7745.0,8054.0,8239.0,8412.0,8755.0,8993.0,9285.0,9715.0,9713.0,9454.0,8535.0,9575.0,10154.0,10607.0,10956.0,11425.0,11787.0,11929.0,12082.0,12368.0,12260.0,12883.0,13578.0,14405.0,14812.0,15384.0,15200.0,16375.0,16298.0,17416.0,18135.0,18235.0,19050.0,19366.0,20126.0,20240.0
Honduras,5237.0,5871.0,6149.0,6332.0,6842.0,7357.0,7559.0,8220.0,8900.0,9646.0,10012.0,10682.0,11540.0,12550.0,12650.0,13441.0,14176.0,15139.0,15747.0,15686.0,17213.0,18085.0,19052.0,20315.0,22175.0,24273.0,26662.0,29065.0,30889.0,30367.0,31427.0,33314.0,34844.0,36446.0,39876.0,43955.0,47719.0,52364.0,55603.0,58096.0
Hong Kong,34503.0,41193.0,45011.0,49602.0,56500.0,58725.0,66561.0,77403.0,86932.0,92369.0,99454.0,108624.0,118027.0,128328.0,138971.0,145236.0,154185.0,164823.0,156810.0,163201.0,179706.0,184832.0,190778.0,200530.0,223970.0,248256.0,273879.0,299344.0,311710.0,306354.0,345487.0,369685.0,373483.0,385448.0,396044.0,411294.0,419811.0,442388.0,465909.0,468301.0
Hungary,67712.0,76157.0,83180.0,87089.0,92576.0,95297.0,98711.0,105331.0,108947.0,114017.0,114100.0,103877.0,102990.0,104833.0,110219.0,115377.0,117489.0,123452.0,130056.0,136278.0,145236.0,154153.0,163567.0,173215.0,186886.0,201354.0,215543.0,222270.0,228646.0,215261.0,219630.0,228296.0,229638.0,242362.0,252631.0,262494.0,271845.0,289032.0,311048.0,332203.0
Iceland,2480.0,2827.0,3067.0,3120.0,3364.0,3586.0,3887.0,4327.0,4475.0,4661.0,4890.0,5041.0,4982.0,5168.0,5468.0,5589.0,5963.0,6315.0,6802.0,7183.0,7690.0,8167.0,8319.0,8692.0,9654.0,10633.0,11507.0,12918.0,13372.0,12538.0,12504.0,13005.0,13446.0,14297.0,14966.0,16162.0,17787.0,19075.0,20287.0,21050.0
India,381961.0,442709.0,486519.0,542586.0,583309.0,633604.0,677253.0,722079.0,819310.0,901792.0,986896.0,1030520.0,1111799.0,1192320.0,1298782.0,1426298.0,1561976.0,1653058.0,1774336.0,1953949.0,2077843.0,2230276.0,2353000.0,2590566.0,2870729.0,3238203.0,3646913.0,4110915.0,4354646.0,4759787.0,5160827.0,5618382.0,6153153.0,6477517.0,6781022.0,7159796.0,7735002.0,8280934.0,8998685.0,9542255.0
Indonesia,184423.0,216977.0,235616.0,255186.0,284257.0,304810.0,333309.0,364280.0,403345.0,457097.0,516674.0,581537.0,633591.0,700271.0,769099.0,849679.0,932826.0,993390.0,872355.0,892713.0,958481.0,1016043.0,1078059.0,1152118.0,1243356.0,1356414.0,1475002.0,1610330.0,1764107.0,1861078.0,2056980.0,2229512.0,2413435.0,2535041.0,2622252.0,2647707.0,2744897.0,2894126.0,3116823.0,3331872.0
Iran,197213.0,203343.0,266000.0,307155.0,295347.0,310491.0,285757.0,292546.0,284371.0,313545.0,369345.0,430169.0,454486.0,458453.0,460259.0,481140.0,521033.0,537111.0,554232.0,573984.0,621359.0,650723.0,714091.0,791252.0,848268.0,912409.0,994090.0,1113577.0,1145909.0,1181337.0,1271082.0,1337370.0,1195358.0,1157431.0,1153869.0,1039945.0,1078499.0,1133663.0,1097973.0,1044819.0
Iraq,,,,,,,,,,,,,,,,,,,79963.0,101282.0,99089.0,94690.0,88647.0,164363.0,259042.0,271855.0,296008.0,309623.0,341673.0,355901.0,378229.0,415269.0,483559.0,515106.0,490962.0,369702.0,362335.0,411920.0,421362.0,447867.0
Ireland,25417.0,28488.0,30708.0,31687.0,33863.0,35627.0,36500.0,38794.0,41356.0,45376.0,50683.0,53229.0,56392.0,59069.0,63882.0,71470.0,79391.0,89429.0,97831.0,110092.0,123758.0,134253.0,143911.0,152196.0,167012.0,182372.0,199034.0,211987.0,206635.0,198611.0,200621.0,205403.0,212590.0,221104.0,238064.0,324602.0,340381.0,377394.0,422353.0,455165.0
Israel,27612.0,31616.0,34056.0,36316.0,38436.0,41431.0,43767.0,48246.0,51715.0,54489.0,60252.0,65132.0,71383.0,75837.0,82882.0,92778.0,100173.0,106010.0,111618.0,117339.0,130625.0,133727.0,135516.0,139764.0,150857.0,162176.0,176698.0,192673.0,202357.0,206732.0,221508.0,237167.0,250708.0,275251.0,281527.0,297271.0,323076.0,338966.0,359191.0,378203.0
Italy,594543.0,655545.0,699098.0,735190.0,785840.0,833680.0,874811.0,925776.0,998372.0,1072339.0,1134826.0,1190584.0,1227138.0,1245173.0,1299039.0,1356581.0,1399108.0,1449181.0,1488580.0,1534937.0,1628105.0,1694720.0,1725014.0,1762073.0,1839170.0,1916369.0,2014889.0,2098991.0,2117685.0,2016793.0,2113751.0,2173170.0,2172384.0,2187376.0,2200256.0,2241524.0,2420428.0,2529502.0,2610907.0,2665524.0
Jamaica,6101.0,6965.0,7625.0,8255.0,8629.0,8825.0,9633.0,10640.0,10573.0,11500.0,12507.0,13031.0,13698.0,14334.0,14914.0,15609.0,15931.0,15938.0,15916.0,16318.0,16819.0,17422.0,17809.0,18830.0,19604.0,20416.0,21653.0,22551.0,22805.0,22194.0,22270.0,23059.0,23269.0,24133.0,24566.0,25416.0,26718.0,28035.0,29250.0,30040.0
Japan,1027017.0,1169815.0,1284347.0,1375908.0,1488337.0,1633243.0,1713341.0,1829241.0,2028581.0,2220638.0,2431093.0,2595519.0,2676433.0,2744791.0,2827419.0,2965536.0,3113268.0,3200661.0,3198871.0,3239642.0,3405450.0,3497211.0,3555093.0,3681394.0,3866026.0,4056757.0,4240788.0,4425653.0,4463125.0,4253411.0,4484786.0,4573186.0,4746698.0,4967051.0,4986567.0,5136018.0,5076056.0,5180326.0,5319348.0,5450654.0
Jordan,8247.0,10567.0,12011.0,12209.0,13184.0,13238.0,14248.0,14951.0,15701.0,14561.0,15057.0,15810.0,18491.0,19780.0,21207.0,22989.0,23894.0,25111.0,26148.0,27446.0,29264.0,31508.0,33843.0,35960.0,40111.0,44770.0,49881.0,55395.0,60566.0,64368.0,68696.0,72051.0,74340.0,79417.0,81884.0,87705.0,90249.0,97892.0,102181.0,106039.0
Kazakhstan,,,,,,,,,,,,,122685.0,114048.0,101823.0,95423.0,97651.0,101011.0,100167.0,104446.0,117291.0,136159.0,151798.0,169224.0,190569.0,215780.0,246209.0,275256.0,289917.0,295624.0,313789.0,344049.0,369966.0,417452.0,427478.0,407416.0,423833.0,448473.0,478069.0,508501.0
Kenya,16032.0,18248.0,20360.0,21500.0,22620.0,24294.0,26514.0,28771.0,31592.0,34315.0,37055.0,38802.0,39258.0,40153.0,42046.0,44763.0,47471.0,48482.0,50470.0,52369.0,53746.0,57158.0,58315.0,61232.0,65832.0,71799.0,78338.0,85932.0,87821.0,91414.0,97171.0,105263.0,112204.0,125972.0,141101.0,160966.0,178316.0,203207.0,221233.0,237266.0
Kiribati,58.0,62.0,70.0,72.0,78.0,76.0,76.0,71.0,80.0,81.0,82.0,85.0,88.0,91.0,95.0,97.0,100.0,104.0,112.0,112.0,121.0,122.0,129.0,134.0,135.0,147.0,149.0,156.0,156.0,158.0,159.0,165.0,176.0,187.0,189.0,211.0,224.0,230.0,241.0,251.0
South Korea,83261.0,97572.0,112191.0,132062.0,151029.0,167941.0,190557.0,219784.0,254558.0,283047.0,322314.0,367525.0,399118.0,436589.0,486930.0,544659.0,596719.0,642880.0,614301.0,694234.0,773396.0,826818.0,901907.0,946873.0,1020583.0,1094751.0,1186797.0,1284941.0,1347214.0,1367049.0,1535428.0,1625275.0,1684563.0,1726903.0,1792600.0,1933849.0,2026536.0,2105893.0,2219152.0,2304833.0
Kosovo,,,,,,,,,,,,,,,,,,,,,7615.0,8187.0,8254.0,8875.0,9359.0,10031.0,10691.0,11887.0,12664.0,13219.0,13820.0,14726.0,15320.0,16009.0,16393.0,17125.0,17886.0,18860.0,20050.0,21224.0
Kuwait,45323.0,40178.0,38616.0,42249.0,46040.0,45491.0,50383.0,55876.0,52020.0,68037.0,52048.0,31727.0,59321.0,82069.0,91037.0,94487.0,96786.0,100898.0,105720.0,105418.0,112874.0,115688.0,121005.0,144814.0,164810.0,187252.0,207521.0,225808.0,235947.0,220916.0,221239.0,247607.0,276884.0,275264.0,258671.0,181157.0,176815.0,206275.0,213859.0,218605.0
Kyrgyzstan,,,,,,,,,,,,,8070.0,7187.0,5886.0,5683.0,6197.0,6928.0,7152.0,7527.0,8117.0,8744.0,8877.0,9690.0,10656.0,10980.0,11668.0,13002.0,14260.0,14783.0,16810.0,18184.0,20288.0,23124.0,24987.0,25107.0,28459.0,31280.0,33139.0,35238.0
Laos,1871.0,2359.0,2623.0,2809.0,3096.0,3486.0,3728.0,3787.0,3837.0,4380.0,4846.0,5208.0,5699.0,6177.0,6823.0,7456.0,8116.0,8825.0,9302.0,9825.0,10694.0,11460.0,12428.0,13459.0,14824.0,16362.0,18375.0,20345.0,22367.0,24198.0,24480.0,26987.0,31202.0,34600.0,39000.0,41583.0,46850.0,50445.0,54915.0,58785.0
Latvia,,,,,,,,,,,,,15986.0,14501.0,15135.0,15129.0,15768.0,17477.0,18819.0,19608.0,21138.0,23017.0,25030.0,27681.0,30813.0,35207.0,40603.0,45831.0,45044.0,38881.0,37565.0,40761.0,43313.0,45673.0,47540.0,49104.0,51741.0,55332.0,59089.0,61465.0
Lebanon,15480.0,17018.0,11425.0,14573.0,21802.0,27967.0,26598.0,31840.0,23659.0,14208.0,12756.0,18215.0,19468.0,21326.0,23529.0,25579.0,27098.0,30370.0,31897.0,32126.0,33218.0,35300.0,37061.0,38443.0,41497.0,43988.0,46065.0,51737.0,57552.0,63962.0,74106.0,76311.0,82065.0,88558.0,94101.0,98433.0,103936.0,109026.0,109493.0,103758.0
Lesotho,673.0,759.0,851.0,911.0,984.0,1049.0,1113.0,1166.0,1300.0,1426.0,1555.0,1683.0,1829.0,1945.0,2075.0,2178.0,2327.0,2449.0,2510.0,2589.0,2778.0,2934.0,3026.0,3212.0,3380.0,3597.0,3871.0,4173.0,4472.0,4710.0,4420.0,4770.0,4893.0,5533.0,6038.0,6453.0,6366.0,5836.0,5999.0,6164.0
Liberia,,,,,,,,,,,,,,,,,,,,,2794.0,2936.0,3114.0,2256.0,2410.0,2633.0,2944.0,3418.0,3698.0,3920.0,3996.0,4394.0,4856.0,5685.0,6012.0,5753.0,6324.0,7124.0,7385.0,7328.0
Libya,94971.0,83029.0,89519.0,88671.0,84191.0,87413.0,79052.0,69150.0,76995.0,85748.0,92228.0,110216.0,109672.0,108055.0,112490.0,100600.0,105133.0,106284.0,107032.0,109172.0,115767.0,116317.0,116970.0,134831.0,144719.0,167107.0,183438.0,200284.0,209657.0,204628.0,194328.0,66148.0,148702.0,99491.0,53661.0,48497.0,51056.0,69056.0,83357.0,93236.0
Lithuania,,,,,,,,,,,,,,,,24626.0,26389.0,29067.0,31576.0,31696.0,33659.0,36672.0,39753.0,44818.0,49067.0,54559.0,60401.0,68883.0,72080.0,61868.0,63852.0,69113.0,73636.0,78911.0,82564.0,83731.0,88700.0,95659.0,101526.0,107400.0
Luxembourg,5661.0,6239.0,6695.0,7091.0,7690.0,8380.0,9402.0,10023.0,11252.0,12835.0,14018.0,15737.0,16388.0,17483.0,18537.0,19195.0,19842.0,21380.0,23015.0,25334.0,28098.0,29357.0,30887.0,31943.0,34269.0,36510.0,39554.0,44016.0,44502.0,42428.0,45558.0,47690.0,48646.0,51940.0,56354.0,59097.0,64400.0,67280.0,71039.0,73968.0
Macau,,,,,,,,,,,,,,,,,,,,,,15074.0,16674.0,18989.0,24731.0,27585.0,32217.0,37853.0,39906.0,40740.0,53373.0,66298.0,75311.0,88690.0,90949.0,70510.0,70904.0,79018.0,85319.0,82751.0
North Macedonia,,,,,,,,,,,,,11907.0,11276.0,11309.0,11418.0,11766.0,12129.0,12675.0,13429.0,14357.0,14234.0,14669.0,15294.0,16449.0,17780.0,19268.0,21061.0,22649.0,22739.0,23033.0,24064.0,24559.0,26270.0,27776.0,28760.0,31370.0,32458.0,34142.0,35985.0
Madagascar,7827.0,7719.0,8042.0,8435.0,8888.0,9278.0,9651.0,10014.0,10717.0,11588.0,12392.0,11997.0,12416.0,12978.0,13249.0,13752.0,14305.0,15087.0,15848.0,16847.0,17998.0,19509.0,17351.0,19428.0,21012.0,22719.0,24682.0,26965.0,29475.0,28296.0,32465.0,33667.0,34211.0,35257.0,36702.0,37486.0,39997.0,40515.0,43381.0,46256.0
Malawi,2415.0,2502.0,2724.0,2936.0,3203.0,3457.0,3519.0,3668.0,3917.0,4124.0,4520.0,5078.0,4813.0,5405.0,4950.0,5753.0,6442.0,6984.0,7135.0,7500.0,7731.0,7585.0,7837.0,8449.0,9152.0,9755.0,10527.0,11845.0,13000.0,14189.0,14857.0,15904.0,15920.0,17558.0,17576.0,17140.0,17827.0,18121.0,19144.0,20363.0
Malaysia,45825.0,53582.0,60287.0,66584.0,74299.0,76005.0,78431.0,84767.0,96453.0,109282.0,123531.0,139829.0,155726.0,175207.0,195419.0,219104.0,245418.0,267910.0,250888.0,270345.0,300471.0,308909.0,330561.0,356668.0,391333.0,424023.0,461459.0,503578.0,538268.0,534146.0,586732.0,630696.0,677647.0,701700.0,745387.0,750777.0,783874.0,829297.0,889716.0,944565.0
Maldives,171.0,202.0,230.0,250.0,304.0,357.0,395.0,441.0,497.0,564.0,561.0,620.0,675.0,728.0,800.0,877.0,974.0,1093.0,1213.0,1321.0,1416.0,1498.0,1614.0,2064.0,2399.0,2275.0,2812.0,3180.0,3654.0,3485.0,4649.0,5153.0,5438.0,6140.0,6957.0,7628.0,8279.0,8930.0,9774.0,10511.0
Mali,3940.0,4112.0,3863.0,4145.0,4396.0,4683.0,5069.0,5328.0,5517.0,6344.0,7192.0,8002.0,8056.0,8542.0,9055.0,9521.0,10401.0,11086.0,11534.0,12442.0,12718.0,15007.0,15711.0,17486.0,18247.0,20065.0,21645.0,22998.0,24568.0,25913.0,27042.0,28340.0,28185.0,29823.0,32435.0,35447.0,39354.0,41592.0,44796.0,47900.0
Malta,1923.0,2160.0,2296.0,2449.0,2556.0,2701.0,2860.0,3100.0,3427.0,3813.0,4139.0,4529.0,5006.0,5327.0,5691.0,6209.0,6575.0,7012.0,7329.0,7722.0,7820.0,8049.0,8410.0,8792.0,9078.0,9728.0,10214.0,10900.0,11482.0,11287.0,11759.0,12061.0,12703.0,13757.0,14924.0,16674.0,18074.0,20135.0,21687.0,23160.0
Marshall Islands,,,,,,,,,,,,,,,,,,91.0,90.0,97.0,105.0,110.0,112.0,114.0,121.0,126.0,135.0,136.0,136.0,146.0,159.0,161.0,160.0,169.0,170.0,175.0,179.0,190.0,201.0,216.0
Mauritania,,,,,,,,,,,3752.0,3877.0,4036.0,4375.0,4331.0,4856.0,5232.0,5106.0,5305.0,5802.0,5908.0,6164.0,6300.0,6810.0,7400.0,8323.0,10197.0,10764.0,11093.0,11061.0,14941.0,15889.0,16420.0,18036.0,16883.0,16995.0,19569.0,21743.0,22736.0,24499.0
Mauritius,1879.0,2176.0,2438.0,2544.0,2760.0,3044.0,3408.0,3850.0,4255.0,4618.0,5133.0,5539.0,6035.0,6492.0,6905.0,7351.0,7903.0,8496.0,9109.0,9490.0,10501.0,11086.0,11439.0,12365.0,13252.0,13877.0,14949.0,16251.0,17483.0,18152.0,19629.0,20857.0,21304.0,22487.0,23312.0,24280.0,26155.0,27082.0,28775.0,30171.0
Mexico,390421.0,463269.0,489450.0,491033.0,525802.0,554499.0,548261.0,571939.0,599556.0,648443.0,707230.0,761570.0,806515.0,844278.0,903009.0,868755.0,936580.0,1018945.0,1078431.0,1124137.0,1210609.0,1230702.0,1251244.0,1294349.0,1387073.0,1475117.0,1596486.0,1690566.0,1747866.0,1678360.0,1806054.0,1911319.0,2012768.0,2064491.0,2173228.0,2230644.0,2383390.0,2472586.0,2587707.0,2625895.0
Federated States of Micronesia,,,,,,,,,,,,,,,,219.0,216.0,206.0,214.0,221.0,237.0,247.0,253.0,262.0,261.0,274.0,282.0,284.0,284.0,289.0,296.0,312.0,312.0,306.0,304.0,321.0,328.0,343.0,352.0,362.0
Moldova,,,,,,,,,,,,,9712.0,9823.0,6932.0,6976.0,6686.0,6912.0,6530.0,6407.0,6691.0,7263.0,7951.0,8647.0,9539.0,10584.0,11431.0,12087.0,13290.0,12589.0,18302.0,19772.0,21055.0,23961.0,25218.0,26233.0,29732.0,32101.0,34187.0,36044.0
Mongolia,2930.0,3471.0,3994.0,4392.0,4817.0,5253.0,5864.0,6227.0,6777.0,7335.0,7417.0,6959.0,6459.0,6403.0,6679.0,7253.0,7550.0,7979.0,8334.0,8722.0,9022.0,9656.0,10321.0,11301.0,12706.0,13969.0,15573.0,17387.0,19115.0,18861.0,20621.0,24692.0,28890.0,30402.0,32507.0,32285.0,32833.0,35222.0,38682.0,41380.0
Montenegro,,,,,,,,,,,,,,,,,,,,,4764.0,4927.0,5097.0,5329.0,5716.0,6148.0,6882.0,7821.0,8525.0,8100.0,8518.0,8974.0,8604.0,9237.0,9558.0,10164.0,11324.0,12263.0,13196.0,13914.0
Morocco,28898.0,30723.0,35767.0,36972.0,39945.0,43830.0,48425.0,48397.0,55308.0,58819.0,63455.0,70298.0,70393.0,71534.0,80791.0,78018.0,89271.0,89383.0,96893.0,99439.0,103647.0,113769.0,119122.0,128740.0,138625.0,147795.0,163875.0,174178.0,188114.0,197586.0,207843.0,223316.0,226124.0,236670.0,229402.0,247207.0,253685.0,264289.0,278727.0,289954.0
Mozambique,2089.0,2399.0,2372.0,2078.0,2012.0,2097.0,2090.0,2459.0,2754.0,3047.0,3191.0,3513.0,3405.0,3792.0,4111.0,4291.0,5542.0,6248.0,7065.0,7734.0,8043.0,9273.0,10243.0,11126.0,12325.0,13831.0,15661.0,17271.0,18821.0,20168.0,22568.0,24745.0,25746.0,27733.0,29941.0,34918.0,37951.0,36776.0,38955.0,40556.0
Myanmar,,,,,,,,,,,,,,,,,,39673.0,42419.0,47782.0,55586.0,63303.0,72004.0,83606.0,97558.0,114361.0,133288.0,153243.0,161874.0,171493.0,152700.0,164419.0,182371.0,196136.0,209644.0,216278.0,213835.0,225517.0,245723.0,266366.0
Namibia,,,,,,,,,,,5549.0,6040.0,6751.0,6799.0,7153.0,7602.0,7988.0,8468.0,8841.0,9279.0,9822.0,10286.0,11142.0,11759.0,12884.0,13919.0,14913.0,15868.0,16608.0,16784.0,17751.0,19044.0,20502.0,21848.0,23815.0,24847.0,24643.0,24314.0,25072.0,25276.0
Nauru,,,,,,,,,,,,,,,,,,,,,,,,,35.0,36.0,40.0,31.0,43.0,47.0,49.0,55.0,62.0,83.0,107.0,112.0,117.0,112.0,121.0,125.0
Nepal,6021.0,7132.0,7861.0,7928.0,9004.0,9863.0,10522.0,10973.0,12232.0,13257.0,14385.0,15810.0,16835.0,17898.0,19782.0,20895.0,22412.0,23994.0,24969.0,26487.0,28747.0,31057.0,31571.0,33471.0,36002.0,38453.0,40968.0,43493.0,47054.0,49560.0,51265.0,54127.0,58734.0,63247.0,69781.0,71141.0,70414.0,85625.0,93518.0,101900.0
Netherlands,164760.0,179218.0,187896.0,198746.0,212219.0,224828.0,236529.0,247054.0,267429.0,290111.0,313424.0,331758.0,345112.0,357759.0,376190.0,393883.0,415358.0,440625.0,465590.0,496578.0,529436.0,553024.0,562090.0,574931.0,602723.0,635528.0,678114.0,721885.0,748620.0,725847.0,750336.0,777881.0,792042.0,827476.0,830319.0,852113.0,890399.0,948182.0,993869.0,1028581.0
New Zealand,27586.0,31055.0,33931.0,35226.0,38978.0,40713.0,42286.0,44422.0,46232.0,48741.0,51083.0,51638.0,53266.0,57191.0,62295.0,66364.0,70134.0,73469.0,74834.0,79345.0,84461.0,88314.0,94237.0,100502.0,107801.0,114109.0,120856.0,128985.0,130972.0,132439.0,136680.0,142191.0,144444.0,157646.0,166954.0,170029.0,184586.0,196212.0,207377.0,215768.0
Nicaragua,6062.0,6983.0,7356.0,7999.0,8154.0,8071.0,8150.0,8299.0,7524.0,7685.0,7958.0,8210.0,8431.0,8597.0,9219.0,9968.0,10794.0,11414.0,11966.0,13004.0,13845.0,14580.0,14916.0,15597.0,16877.0,18166.0,19501.0,21079.0,22105.0,21659.0,23186.0,25166.0,26490.0,27950.0,30356.0,32945.0,35895.0,38335.0,37704.0,36889.0
Niger,3095.0,3378.0,3666.0,3663.0,3155.0,3508.0,3806.0,3906.0,4321.0,4532.0,4638.0,4912.0,4696.0,4878.0,5181.0,4939.0,5285.0,5402.0,6155.0,6312.0,6288.0,6949.0,7432.0,8115.0,8270.0,9254.0,10092.0,10689.0,11950.0,11955.0,17496.0,18283.0,20619.0,20861.0,21982.0,22909.0,23875.0,25138.0,27600.0,29751.0
Nigeria,,,,,,,,,,,183718.0,188785.0,197324.0,205188.0,210093.0,218490.0,231492.0,242251.0,250991.0,256162.0,276448.0,301599.0,350952.0,391964.0,444798.0,491284.0,540439.0,595422.0,650809.0,710529.0,755321.0,808786.0,836150.0,897506.0,971492.0,982912.0,973442.0,990700.0,1033993.0,1075694.0
Norway,61278.0,68071.0,72464.0,78317.0,86005.0,93686.0,99438.0,103764.0,107122.0,112443.0,118855.0,126600.0,134115.0,141212.0,151508.0,161093.0,172280.0,184490.0,191387.0,198228.0,209236.0,218468.0,225011.0,231608.0,247399.0,262061.0,276583.0,292261.0,299140.0,296521.0,298253.0,307472.0,327988.0,340138.0,338506.0,313315.0,308491.0,332135.0,344496.0,354695.0
Oman,11808.0,15117.0,17902.0,21576.0,25448.0,30077.0,31341.0,30858.0,33614.0,35962.0,40417.0,44286.0,49142.0,53403.0,56636.0,60611.0,63500.0,68577.0,71196.0,72525.0,79033.0,84458.0,84811.0,84196.0,87628.0,92699.0,100681.0,107962.0,119107.0,127347.0,135120.0,141481.0,155907.0,158880.0,156303.0,133780.0,129565.0,135696.0,140232.0,141558.0
Pakistan,71808.0,83387.0,95257.0,105739.0,113842.0,127716.0,138581.0,150376.0,165657.0,180374.0,195628.0,212503.0,233799.0,244381.0,260486.0,279379.0,303251.0,313695.0,328178.0,347135.0,368908.0,384738.0,402801.0,430247.0,475158.0,534381.0,582849.0,631487.0,675991.0,683582.0,692117.0,732180.0,752629.0,784863.0,827826.0,872097.0,898016.0,950382.0,1027059.0,1065373.0
Palau,,,,,,,,,,,,,,,,,,,,,175.0,185.0,200.0,191.0,211.0,220.0,220.0,226.0,217.0,198.0,201.0,215.0,223.0,223.0,241.0,255.0,257.0,256.0,278.0,278.0
Panama,7021.0,8383.0,9379.0,9312.0,9903.0,10725.0,11332.0,11411.0,10230.0,10794.0,12100.0,13680.0,15140.0,16345.0,17169.0,17834.0,19498.0,21117.0,22911.0,24165.0,25390.0,26116.0,27112.0,28820.0,31836.0,35220.0,39402.0,45349.0,50220.0,51410.0,55200.0,62728.0,70434.0,79815.0,89330.0,100479.0,112346.0,125071.0,132802.0,139237.0
Papua New Guinea,3095.0,3423.0,3666.0,3942.0,4041.0,4320.0,4656.0,4907.0,5226.0,5352.0,5384.0,6094.0,7095.0,8586.0,9291.0,9158.0,9940.0,9469.0,10020.0,10362.0,10337.0,10568.0,10946.0,11654.0,12043.0,12918.0,13621.0,15203.0,16053.0,16649.0,19324.0,19946.0,21275.0,22477.0,25993.0,28729.0,30214.0,31871.0,32359.0,34562.0
Paraguay,10639.0,12714.0,13311.0,13411.0,14287.0,15309.0,15658.0,16699.0,18305.0,20129.0,21742.0,23262.0,24196.0,25992.0,27959.0,30493.0,31540.0,33445.0,33844.0,33864.0,33820.0,34273.0,34808.0,36986.0,39523.0,41623.0,44945.0,48654.0,52755.0,53020.0,62437.0,66449.0,64357.0,72178.0,75404.0,76730.0,81538.0,86486.0,91535.0,93141.0
Peru,53800.0,62035.0,65671.0,61895.0,66527.0,70090.0,80160.0,88567.0,83031.0,74682.0,73502.0,77634.0,78974.0,85095.0,97601.0,107021.0,112024.0,121323.0,122159.0,125881.0,132216.0,136063.0,145687.0,154782.0,166925.0,183123.0,202960.0,226109.0,251624.0,256195.0,280852.0,305218.0,318086.0,337915.0,348937.0,355504.0,376398.0,399159.0,424966.0,441962.0
Philippines,90284.0,102094.0,112353.0,118977.0,114177.0,109221.0,115230.0,123266.0,136196.0,150272.0,160563.0,164948.0,169278.0,176972.0,188669.0,201615.0,217296.0,232477.0,233645.0,244531.0,261127.0,274808.0,289199.0,309627.0,339449.0,367110.0,398229.0,435876.0,462883.0,471754.0,528683.0,560551.0,612131.0,654004.0,699662.0,733864.0,798601.0,854095.0,930065.0,1003853.0
Poland,169037.0,166339.0,168098.0,184518.0,190367.0,204046.0,215434.0,226017.0,241614.0,260578.0,250840.0,241031.0,251538.0,268563.0,288648.0,314492.0,340212.0,370558.0,393240.0,417321.0,444998.0,460625.0,474448.0,501147.0,541373.0,578611.0,633322.0,696998.0,738532.0,763742.0,811269.0,869770.0,907167.0,940326.0,973567.0,1020174.0,1073935.0,1145045.0,1235257.0,1309450.0
Portugal,58724.0,66469.0,72120.0,75695.0,77565.0,81357.0,85753.0,94653.0,103198.0,114339.0,127887.0,136597.0,144084.0,146498.0,151844.0,158587.0,167128.0,177514.0,188038.0,198339.0,210535.0,219518.0,224601.0,226940.0,237405.0,246922.0,258462.0,271951.0,277839.0,271611.0,281615.0,282621.0,277992.0,292135.0,298952.0,307312.0,326331.0,340797.0,358182.0,372471.0
Puerto Rico,23792.0,26291.0,27071.0,28272.0,31417.0,33091.0,36514.0,39287.0,43309.0,47216.0,50813.0,53714.0,57446.0,61545.0,65486.0,69892.0,72814.0,77675.0,83636.0,88663.0,93648.0,104850.0,108771.0,113537.0,118977.0,120364.0,122314.0,124109.0,124210.0,122710.0,115090.0,117073.0,118421.0,119192.0,119065.0,118146.0,117009.0,115158.0,112138.0,116423.0
Qatar,17631.0,18527.0,18061.0,17773.0,21346.0,19159.0,20269.0,20974.0,22728.0,24864.0,22007.0,22362.0,25463.0,25724.0,26644.0,27852.0,29601.0,39144.0,44007.0,46595.0,51481.0,54707.0,59536.0,62982.0,77152.0,85601.0,111321.0,134838.0,161767.0,182484.0,249689.0,283716.0,311041.0,322985.0,317406.0,238529.0,220585.0,249963.0,259125.0,265795.0
Romania,107565.0,117727.0,129907.0,143137.0,157110.0,161976.0,169207.0,174914.0,180132.0,176282.0,172543.0,155239.0,144859.0,150571.0,159822.0,174801.0,185019.0,176796.0,170105.0,170722.0,179706.0,194080.0,207275.0,223087.0,248381.0,267068.0,297449.0,326324.0,360870.0,337915.0,346458.0,360795.0,379730.0,395624.0,410589.0,428645.0,479084.0,534707.0,571838.0,605792.0
Russia,,,,,,,,,,,,,1703037.0,1591862.0,1419274.0,1389470.0,1363780.0,1406294.0,1345568.0,1452933.0,1635277.0,1757683.0,1869331.0,2046722.0,2253908.0,2474758.0,2758784.0,3073924.0,3298700.0,3063800.0,3038683.0,3259319.0,3480302.0,3741783.0,3763537.0,3526234.0,3538581.0,3818779.0,4009646.0,4135992.0
Rwanda,2108.0,2362.0,2447.0,2697.0,3155.0,3398.0,3658.0,3740.0,3882.0,3803.0,3960.0,3916.0,4270.0,3918.0,2325.0,2956.0,3359.0,3926.0,4299.0,4509.0,4997.0,5546.0,6373.0,6644.0,7335.0,8282.0,9323.0,10301.0,11675.0,12500.0,13474.0,14997.0,15780.0,16762.0,19002.0,20620.0,22076.0,23665.0,26312.0,29298.0
Samoa,210.0,209.0,220.0,230.0,242.0,265.0,283.0,292.0,311.0,341.0,331.0,334.0,356.0,370.0,402.0,438.0,478.0,490.0,501.0,505.0,543.0,596.0,640.0,687.0,727.0,801.0,843.0,869.0,918.0,869.0,871.0,926.0,906.0,918.0,935.0,985.0,1075.0,1106.0,1108.0,1168.0
San Marino,,,,,,,,,,,,,,,,,,1308.0,1422.0,1573.0,1645.0,1775.0,1808.0,1916.0,2059.0,2176.0,2329.0,2561.0,2654.0,2333.0,1964.0,1834.0,1748.0,1740.0,1825.0,1850.0,1925.0,1982.0,2064.0,2124.0
São Tomé and Príncipe,123.0,121.0,132.0,132.0,128.0,145.0,139.0,138.0,146.0,157.0,159.0,166.0,171.0,177.0,185.0,192.0,199.0,204.0,212.0,220.0,226.0,239.0,248.0,270.0,288.0,318.0,358.0,369.0,407.0,426.0,519.0,553.0,557.0,638.0,747.0,765.0,790.0,811.0,856.0,882.0
Saudi Arabia,360340.0,401642.0,338136.0,295065.0,291295.0,271172.0,323704.0,309948.0,362852.0,375066.0,448031.0,532422.0,566274.0,571840.0,587274.0,600793.0,627893.0,645692.0,671584.0,656201.0,708886.0,716263.0,706756.0,801887.0,889511.0,969304.0,1026947.0,1073747.0,1163233.0,1147931.0,1413023.0,1586749.0,1672471.0,1680158.0,1722862.0,1541832.0,1475672.0,1565892.0,1642519.0,1677383.0
Senegal,4630.0,5319.0,6092.0,5995.0,6441.0,6865.0,7221.0,7857.0,8084.0,8732.0,8994.0,9531.0,9869.0,10236.0,10452.0,11242.0,11677.0,12248.0,13112.0,14157.0,14942.0,15983.0,16335.0,17774.0,19335.0,21077.0,22261.0,23982.0,25353.0,26165.0,33758.0,34966.0,37054.0,37891.0,40124.0,43318.0,46119.0,49402.0,53807.0,57663.0
Serbia,,,,,,,,,,,,,,,,,,,,,46341.0,49764.0,54123.0,57640.0,64582.0,70353.0,76072.0,82695.0,88842.0,86727.0,95468.0,99446.0,100311.0,104804.0,104531.0,105878.0,111749.0,116542.0,124582.0,132115.0
Seychelles,285.0,299.0,311.0,322.0,347.0,395.0,406.0,437.0,477.0,546.0,608.0,646.0,708.0,778.0,775.0,795.0,891.0,1016.0,1053.0,1089.0,1161.0,1160.0,1193.0,1145.0,1143.0,1286.0,1450.0,1643.0,1640.0,1634.0,1703.0,1832.0,1904.0,2012.0,2183.0,2248.0,2431.0,2611.0,2774.0,2934.0
Sierra Leone,2892.0,3221.0,3482.0,3562.0,3751.0,3610.0,3688.0,3872.0,4090.0,4460.0,4699.0,4467.0,4129.0,4229.0,4470.0,4106.0,3145.0,2636.0,2642.0,2465.0,2617.0,3162.0,4060.0,4527.0,4958.0,5348.0,5745.0,6373.0,6849.0,7121.0,7276.0,7897.0,9434.0,11988.0,12544.0,11469.0,12300.0,12234.0,12961.0,13898.0
Singapore,21367.0,25858.0,29432.0,33207.0,37412.0,38343.0,39636.0,45020.0,51775.0,59266.0,67631.0,74555.0,81659.0,93247.0,105636.0,115419.0,126377.0,139198.0,137578.0,148197.0,165055.0,167209.0,176926.0,188458.0,212131.0,235354.0,264080.0,295809.0,307003.0,307468.0,382249.0,414967.0,435965.0,448140.0,461772.0,481405.0,501213.0,532833.0,564385.0,578673.0
Slovakia,,,,,,,,,,,,,,43568.0,47257.0,52040.0,56668.0,60200.0,63295.0,64132.0,66384.0,70149.0,74448.0,80046.0,86573.0,95391.0,106633.0,121293.0,130635.0,124489.0,133913.0,140627.0,145645.0,151398.0,157095.0,162303.0,161032.0,168113.0,178857.0,186417.0
Slovenia,,,,,,,,,,,,,22161.0,23324.0,25082.0,26655.0,28120.0,30064.0,31388.0,33550.0,35739.0,37632.0,39675.0,41616.0,44621.0,47901.0,52165.0,57271.0,60321.0,56040.0,57680.0,59392.0,59746.0,61744.0,63653.0,65283.0,69940.0,75735.0,80747.0,84196.0
Solomon Islands,176.0,189.0,198.0,213.0,221.0,221.0,225.0,251.0,263.0,284.0,301.0,330.0,380.0,405.0,447.0,503.0,520.0,524.0,537.0,542.0,475.0,448.0,442.0,480.0,533.0,621.0,665.0,727.0,794.0,762.0,1027.0,1125.0,1168.0,1252.0,1288.0,1319.0,1411.0,1515.0,1612.0,1660.0
South Africa,134666.0,155133.0,164127.0,167455.0,182240.0,185793.0,189573.0,198495.0,214073.0,227723.0,235395.0,240754.0,240980.0,249756.0,263321.0,277188.0,294403.0,307369.0,312312.0,324569.0,345745.0,363298.0,382405.0,401532.0,431365.0,468739.0,510216.0,551870.0,580652.0,576062.0,600342.0,633011.0,637034.0,668458.0,682955.0,695228.0,707744.0,724101.0,747322.0,761824.0
South Sudan,,,,,,,,,,,,,,,,,,,,,,,,,,,,,,,,32402.0,14508.0,17633.0,17392.0,16179.0,12577.0,11185.0,11233.0,11533.0
Spain,296856.0,323251.0,347559.0,367248.0,386739.0,408542.0,431081.0,467323.0,509242.0,555517.0,598223.0,633746.0,653707.0,660467.0,690271.0,733714.0,765195.0,808381.0,853669.0,907863.0,975436.0,1037616.0,1083888.0,1140724.0,1209246.0,1294551.0,1390067.0,1480847.0,1526754.0,1483344.0,1471088.0,1489595.0,1483647.0,1512074.0,1558307.0,1621505.0,1733039.0,1843951.0,1932664.0,2006054.0
Sri Lanka,16576.0,19092.0,21338.0,22915.0,25324.0,27430.0,29181.0,30361.0,32271.0,34281.0,37743.0,43220.0,42819.0,47115.0,51985.0,56280.0,64277.0,72106.0,71688.0,74881.0,83032.0,83270.0,87699.0,94761.0,102668.0,112586.0,124944.0,136987.0,147985.0,154386.0,166030.0,183744.0,210688.0,223390.0,233895.0,242361.0,259190.0,269854.0,285469.0,297201.0
Saint Kitts and Nevis,141.0,158.0,178.0,181.0,206.0,226.0,251.0,279.0,318.0,351.0,384.0,405.0,427.0,461.0,496.0,524.0,565.0,617.0,630.0,665.0,764.0,826.0,855.0,825.0,872.0,974.0,1010.0,1052.0,1136.0,1134.0,1083.0,1126.0,1072.0,1115.0,1216.0,1225.0,1287.0,1320.0,1391.0,1456.0
Saint Lucia,247.0,283.0,307.0,332.0,372.0,432.0,507.0,542.0,641.0,727.0,812.0,842.0,931.0,956.0,992.0,1030.0,1079.0,1088.0,1170.0,1220.0,1245.0,1225.0,1248.0,1332.0,1474.0,1514.0,1666.0,1728.0,1835.0,1842.0,2175.0,2327.0,2311.0,2394.0,2454.0,2427.0,2573.0,2705.0,2843.0,2943.0
Saint Vincent and the Grenadines,167.0,189.0,206.0,221.0,241.0,259.0,279.0,288.0,337.0,362.0,393.0,415.0,455.0,483.0,487.0,531.0,546.0,577.0,609.0,631.0,657.0,683.0,736.0,806.0,867.0,922.0,1007.0,1066.0,1081.0,1067.0,1098.0,1116.0,1134.0,1185.0,1231.0,1271.0,1364.0,1345.0,1407.0,1438.0
Sudan,17924.0,20836.0,23042.0,23590.0,23053.0,23642.0,26514.0,28948.0,31268.0,32945.0,33583.0,38139.0,37464.0,40723.0,42433.0,44623.0,48310.0,54207.0,57256.0,60903.0,67598.0,74650.0,80144.0,88473.0,96914.0,100459.0,112777.0,125613.0,131975.0,139202.0,171821.0,169773.0,137750.0,142298.0,168145.0,172515.0,188840.0,180267.0,180360.0,178950.0
Suriname,2083.0,2321.0,2310.0,2278.0,2288.0,2340.0,2330.0,2179.0,2499.0,2656.0,2713.0,2417.0,2568.0,2571.0,2442.0,2775.0,3142.0,3419.0,3533.0,3554.0,3632.0,3896.0,4105.0,4446.0,4901.0,5308.0,5787.0,6244.0,6630.0,6882.0,7169.0,7747.0,8543.0,9203.0,9550.0,8987.0,8025.0,9340.0,9811.0,10013.0
Eswatini,900.0,1128.0,1212.0,1275.0,1402.0,1501.0,1720.0,2021.0,2229.0,2615.0,2953.0,3119.0,3285.0,3446.0,3619.0,3844.0,4058.0,4253.0,4407.0,4605.0,4831.0,5012.0,5271.0,5613.0,5982.0,6515.0,7063.0,7536.0,7898.0,8318.0,8275.0,8638.0,8922.0,9465.0,9633.0,9764.0,9761.0,9554.0,10013.0,10308.0
Sweden,87473.0,99983.0,107701.0,114256.0,123392.0,130233.0,136748.0,144818.0,153575.0,163476.0,170878.0,174753.0,176994.0,177656.0,188853.0,200550.0,207310.0,216976.0,228601.0,242614.0,259884.0,269962.0,279790.0,292178.0,313183.0,332369.0,358643.0,380723.0,386029.0,368794.0,400106.0,421516.0,432488.0,444617.0,457508.0,481300.0,500373.0,530433.0,553761.0,570754.0
Switzerland,107336.0,119190.0,124716.0,130543.0,139355.0,149119.0,154956.0,161324.0,172466.0,187012.0,201104.0,205854.0,210267.0,214880.0,222380.0,228368.0,233887.0,243355.0,253059.0,261078.0,277978.0,288424.0,293282.0,299367.0,315797.0,336032.0,360618.0,385476.0,401733.0,396217.0,427663.0,444602.0,462516.0,486394.0,507097.0,529502.0,550365.0,567524.0,597066.0,615309.0
Syria,18886.0,22397.0,24401.0,25771.0,24952.0,27629.0,26845.0,27875.0,32520.0,31735.0,36318.0,41552.0,48129.0,52924.0,57042.0,61389.0,64364.0,64752.0,69090.0,67958.0,71099.0,75396.0,81067.0,81000.0,88972.0,97542.0,105613.0,114576.0,122053.0,130251.0,136344.0,,,,,,,,,
Taiwan,72472.0,72460.0,80647.0,91412.0,104168.0,112669.0,128176.0,148145.0,165626.0,187121.0,204997.0,229527.0,254229.0,277981.0,305173.0,331792.0,358710.0,387156.0,407837.0,441892.0,480963.0,485727.0,520677.0,552941.0,605111.0,658405.0,716799.0,783829.0,804832.0,798240.0,889427.0,941367.0,973232.0,1015239.0,1066102.0,1102036.0,1112781.0,1143224.0,1202811.0,1257446.0
Tajikistan,,,,,,,,,,,,,7260.0,6608.0,5304.0,4738.0,4614.0,4773.0,5080.0,5349.0,5925.0,6678.0,7397.0,8314.0,9449.0,10406.0,11476.0,12701.0,13973.0,14628.0,17526.0,19216.0,21657.0,24570.0,27630.0,25288.0,26829.0,27389.0,30094.0,32929.0
Tanzania,10994.0,12081.0,12908.0,13739.0,14710.0,15879.0,17269.0,18754.0,20265.0,21853.0,24258.0,25584.0,26321.0,27272.0,28289.0,29910.0,31840.0,33526.0,35147.0,37412.0,40151.0,43529.0,47247.0,51253.0,56460.0,62038.0,66924.0,74520.0,80212.0,85171.0,88974.0,98013.0,95918.0,103322.0,108827.0,117377.0,127683.0,134162.0,146944.0,159993.0
Thailand,74627.0,86418.0,96692.0,106119.0,116214.0,125501.0,135117.0,151755.0,177939.0,207399.0,240067.0,268902.0,300417.0,334246.0,368658.0,406907.0,437753.0,432987.0,404274.0,429229.0,458555.0,485159.0,522897.0,571666.0,624329.0,671402.0,726412.0,786273.0,815532.0,816049.0,886663.0,912790.0,1008787.0,1049948.0,1059446.0,1087225.0,1146218.0,1205675.0,1285869.0,1339643.0
Timor-Leste,,,,,,,,,,,,,,,,,,,,,1083.0,1134.0,1069.0,1091.0,2600.0,4097.0,6779.0,6931.0,7921.0,7451.0,2148.0,2320.0,2629.0,2864.0,3195.0,3489.0,3830.0,3936.0,3999.0,4197.0
Togo,2116.0,2235.0,2286.0,2253.0,2470.0,2644.0,2786.0,2786.0,3175.0,3434.0,3771.0,3873.0,3835.0,3285.0,3822.0,4670.0,4572.0,4827.0,4769.0,4964.0,5028.0,5076.0,5086.0,5442.0,5727.0,5986.0,6410.0,6717.0,7014.0,7315.0,7349.0,7982.0,8313.0,8870.0,9482.0,10233.0,10878.0,11633.0,12497.0,13394.0
Tonga,67.0,84.0,101.0,111.0,165.0,180.0,200.0,208.0,208.0,219.0,237.0,260.0,256.0,261.0,272.0,290.0,296.0,291.0,305.0,317.0,327.0,345.0,358.0,369.0,384.0,398.0,400.0,408.0,427.0,443.0,425.0,463.0,476.0,486.0,505.0,516.0,556.0,585.0,601.0,616.0
Trinidad and Tobago,8217.0,9363.0,10322.0,9623.0,9392.0,9293.0,9169.0,8974.0,8924.0,9329.0,9594.0,10062.0,10568.0,10641.0,10710.0,11778.0,12848.0,14051.0,15358.0,16844.0,18416.0,19621.0,21504.0,25100.0,27840.0,30520.0,35613.0,38299.0,40374.0,38894.0,41073.0,41850.0,40430.0,40692.0,40459.0,37698.0,36189.0,36605.0,37392.0,38059.0
Tunisia,13594.0,15684.0,16577.0,18036.0,19747.0,21534.0,21649.0,23689.0,24536.0,26147.0,29032.0,31240.0,34511.0,36208.0,38320.0,40164.0,43700.0,46993.0,49861.0,53670.0,57251.0,61396.0,63398.0,68199.0,74250.0,79705.0,86799.0,94681.0,100844.0,104773.0,108007.0,108148.0,110825.0,112068.0,115567.0,114133.0,117101.0,121255.0,127538.0,131087.0
Turkey,155384.0,177308.0,194767.0,212088.0,234598.0,252415.0,275378.0,310724.0,328423.0,342057.0,387537.0,404144.0,438094.0,484588.0,467900.0,512002.0,557877.0,610144.0,635837.0,623688.0,680234.0,654255.0,707015.0,761555.0,857963.0,965355.0,1065760.0,1149159.0,1181605.0,1134568.0,1280896.0,1454112.0,1550688.0,1703670.0,1860471.0,2022940.0,2116184.0,2282304.0,2406255.0,2471660.0
Turkmenistan,,,,,,,,,,,,,11826.0,10897.0,9204.0,8719.0,8283.0,7473.0,8060.0,9534.0,11563.0,14238.0,16737.0,19989.0,23556.0,27484.0,31435.0,35840.0,41932.0,44842.0,49900.0,58441.0,63516.0,68363.0,73746.0,76192.0,78516.0,81788.0,88905.0,96231.0
Tuvalu,,,,,,,,,,,,,,,,,,,,,22.0,22.0,25.0,24.0,25.0,24.0,26.0,28.0,31.0,30.0,29.0,32.0,31.0,33.0,34.0,38.0,40.0,43.0,45.0,49.0
Uganda,4687.0,5322.0,6116.0,6669.0,6698.0,6705.0,6905.0,7365.0,8255.0,9125.0,10077.0,10598.0,11473.0,12532.0,13783.0,15361.0,16673.0,17742.0,19024.0,20851.0,22166.0,24659.0,26804.0,29022.0,31551.0,35825.0,39529.0,43853.0,49376.0,53765.0,73717.0,81034.0,77235.0,80260.0,84146.0,84376.0,85711.0,89315.0,97076.0,105389.0
Ukraine,,,,,,,,,,,,,318309.0,277653.0,219007.0,196427.0,180309.0,177572.0,176240.0,178575.0,193472.0,216141.0,231177.0,258226.0,296623.0,315569.0,349893.0,388715.0,405232.0,346506.0,378239.0,407226.0,425994.0,486365.0,461987.0,435490.0,475722.0,504188.0,533874.0,560976.0
United Arab Emirates,75713.0,89425.0,88146.0,86815.0,93897.0,94458.0,77795.0,84012.0,84672.0,101804.0,130444.0,137672.0,145168.0,148579.0,162914.0,177255.0,190128.0,209924.0,213880.0,225299.0,258834.0,269628.0,280429.0,311192.0,350338.0,379166.0,429263.0,454719.0,478437.0,456796.0,554739.0,605575.0,631707.0,647296.0,678339.0,601179.0,598811.0,637385.0,660454.0,683523.0
United Kingdom,498558.0,540864.0,586000.0,634841.0,672324.0,722892.0,760720.0,821947.0,899954.0,959099.0,1001703.0,1023462.0,1050562.0,1102518.0,1169730.0,1224054.0,1278161.0,1340700.0,1398491.0,1466514.0,1556051.0,1634901.0,1699794.0,1793779.0,1889699.0,2008467.0,2121999.0,2234142.0,2263680.0,2182160.0,2267766.0,2350797.0,2440476.0,2563271.0,2665878.0,2768619.0,2897573.0,3037045.0,3151659.0,3254845.0
United States,2862475.0,3210950.0,3345000.0,3638125.0,4040700.0,4346750.0,4590125.0,4870225.0,5252625.0,5657700.0,5979575.0,6174050.0,6539300.0,6878700.0,7308775.0,7664050.0,8100175.0,8608525.0,9089150.0,9660625.0,10284750.0,10621825.0,10977525.0,11510675.0,12274925.0,13093700.0,13855900.0,14477625.0,14718575.0,14418725.0,14992050.0,15542600.0,16197050.0,16784825.0,17527275.0,18238300.0,18745100.0,19542975.0,20611875.0,21433225.0
Uruguay,12461.0,13884.0,13368.0,13439.0,13764.0,14414.0,16007.0,17718.0,18608.0,19544.0,20328.0,21748.0,24008.0,25232.0,27645.0,27813.0,29901.0,31948.0,33677.0,33178.0,33331.0,32910.0,31059.0,32416.0,34853.0,38422.0,41226.0,45092.0,49276.0,51757.0,56493.0,60650.0,61471.0,64840.0,68327.0,68983.0,70776.0,73286.0,76261.0,77795.0
Uzbekistan,,,,,,,,,,,,,37778.0,37770.0,36568.0,36994.0,38310.0,40992.0,43222.0,45771.0,48591.0,51786.0,54684.0,58117.0,64134.0,70831.0,78483.0,88226.0,98053.0,106800.0,146357.0,161046.0,170097.0,179717.0,189421.0,198534.0,205512.0,211135.0,227980.0,244960.0
Vanuatu,110.0,125.0,135.0,145.0,164.0,171.0,175.0,174.0,177.0,187.0,216.0,230.0,242.0,249.0,278.0,286.0,298.0,318.0,326.0,332.0,359.0,355.0,342.0,364.0,388.0,422.0,472.0,510.0,553.0,576.0,592.0,612.0,635.0,658.0,686.0,694.0,725.0,772.0,813.0,855.0
Venezuela,117193.0,126484.0,137885.0,129202.0,140775.0,146540.0,158584.0,170439.0,187890.0,168025.0,185510.0,210335.0,228168.0,234239.0,233605.0,247900.0,251925.0,272563.0,276331.0,263809.0,279760.0,295848.0,273788.0,257591.0,313074.0,356489.0,403717.0,450740.0,483838.0,471901.0,476095.0,506340.0,545085.0,562097.0,550205.0,520885.0,436659.0,375151.0,308781.0,204291.0
Vietnam,23595.0,27294.0,31350.0,34899.0,39172.0,42697.0,45020.0,47346.0,51502.0,57678.0,62831.0,68693.0,76372.0,84505.0,93927.0,105034.0,116940.0,128638.0,137531.0,146301.0,159786.0,174695.0,189936.0,207945.0,230306.0,255657.0,281900.0,310034.0,334014.0,354717.0,471196.0,511889.0,568401.0,607018.0,660612.0,700257.0,770872.0,851064.0,933163.0,1016475.0
Yemen,,,,,,,,,,,25928.0,28477.0,31516.0,33557.0,36575.0,39455.0,42037.0,44994.0,48214.0,50800.0,55168.0,58571.0,61811.0,65406.0,69874.0,76155.0,80984.0,85914.0,90795.0,95021.0,96373.0,85876.0,85441.0,92756.0,94294.0,68543.0,62769.0,60706.0,62631.0,65088.0
Zambia,8014.0,9343.0,9634.0,9899.0,10075.0,10526.0,10920.0,11366.0,12854.0,12866.0,13264.0,13615.0,14211.0,14537.0,12871.0,13520.0,14623.0,15441.0,15548.0,16520.0,17554.0,18909.0,20064.0,21886.0,24069.0,26641.0,29630.0,32959.0,36218.0,39858.0,43252.0,46612.0,49509.0,53420.0,54506.0,54473.0,55712.0,58735.0,62572.0,64607.0
Zimbabwe,,,,,,,,,,,,,,,,,,,25411.0,25537.0,25003.0,25441.0,23803.0,20270.0,19480.0,18566.0,18451.0,18303.0,15568.0,16869.0,23247.0,27102.0,31161.0,34187.0,35496.0,37016.0,38427.0,42818.0,45379.0,43168.0
Aruba,,,,,,,,,,,,,,,,,,,,,,,,,,,,,,,3315.0,3503.0,3443.0,3594.0,3623.0,3536.0,3510.0,3550.0,3679.0,3759.0
Palestine,,,,,,,,,,,,,,,,,,,,,,,,,,,,,,,14871.0,16639.0,19943.0,20864.0,22973.0,25416.0,27532.0,28499.0,29542.0,30355.0
Somalia,,,,,,,,,,,,,,,,,,,,,,,,,,,,,,,,13105.0,10156.0,9015.0,9864.0,11346.0,12230.0,12655.0,13322.0,13953.0
